heading,data
"Premiumisation, retail trends to drive Titan's expansion strategy","Banking on the premiumisation trend and increased opportunities in travel retail, Titan’s multi-brand retailer Helios has plans to open six exclusive outlets this financial year and grow them to over 30 in the next two years.
 
Helios Luxe – a boutique destination offering from the brand will only house merchandise over Rs 25,000, including both international brands and Titan timepieces, like the newly launched limited-edition Unity watch, inspired by the 40th anniversary of Wing Commander Rakesh Sharma's voyage in space priced at Rs 35,000.
 
“As part of our expansion strategy, we are also now focusing on curated, premium destination stores. By the end of this year, we will six Helios Luxe stores, which we hope to expand to 35-odd stores in the coming year,” says Rahul Shukla, vice president and chief of sales and marketing officer, Titan Watches."
"Trump, not yet in office, already a figure in global economic policy","The world's economic reckoning with the incoming Trump administration kicked off in earnest this week, with the U.S. Federal Reserve flagging fewer rate cuts, a resignation in Canada over budgeting for tariffs and heightened focus on cryptocurrencies.
The Fed cut rates as expected on Wednesday amid a busy year-end run of central bank meetings from Ottawa and Frankfurt to Tokyo and London that showed heightened uncertainty ahead of Donald Trump entering the White House in the new year.
Indeed, Fed officials not only dialed back projections for rate cuts in the face of stubborn inflation, Chair Jerome Powell said some in the bank were also trying to judge how Trump's planned tariffs, lower taxes and immigration curbs might affect policy."
Concord Enviro IPO receives 59% subscription on first day of offer,"The initial share sale of Concord Enviro Systems Ltd, an environmental engineering solutions firm, received 59 per cent subscription on the first day of bidding on Thursday.

The initial public offering (IPO) got bids for 29,79,585 shares against 50,15,356 shares on offer, as per data available with the NSE.

The retail individual investors (RIIs) portion received 1.02 times subscription while non-institutional investors part got subscribed 35 per cent.

Concord Enviro Systems has raised Rs 150 crore from anchor investors.

The Rs 500-crore IPO will close on December 23. The shares are available in a price range of Rs 665-701 per share."
3 out of 5 IPOs fully booked on Day 1; IKS Health surges 48% on debut,"Three initial public offerings (IPOs) were fully covered out of the five that opened for subscription on Thursday, and the remaining two have reached the half- way mark.
 
The IPOs of DAM Capital Advisors (issue size Rs 840 crore), Transrail Lighting (Rs 839 crore), Sanathan Textiles (Rs 550 crore), Concord Enviro Systems (Rs 500 crore), and Mamata Machinery (Rs 179 crore) opened for subscription.
 
Mamata was subscribed 16.6 times, DAM 2.8 times, and Transrail 2.12 times. Meanwhile, Concord and Sanathan were subscribed 60 per cent and 48 per cent, respectively."
Insurance premium financing expected to see healthy growth of 25% annually,"Insurance premium financing, currently in its early stages, is expected to see a healthy growth of 25 per cent annually over the next few years amid increasing awareness of insurance and higher liquidity management needs among customers, according to an industry expert.
 
In premium financing, a borrower secures a loan from a third-party provider to cover the policy’s premiums. The borrower, like other loans, pays the interest till the loan is fully paid off. The financing option, which is a sizable market outside India, is in its early stages in the country.
 
However, according to industry players, amid the sustained growth in the overall insurance industry and more insurers developing tailored solutions, and increased acceptance of premium financing in the Indian financial landscape by the insurers, the industry is likely to see healthy growth."
Mamata Machinery IPO gets subscribed by 16.48 times on Day 1 of offer,"The initial public offer of packaging machinery manufacturer Mamata Machinery Ltd got fully subscribed within minutes of opening for bidding on Thursday and finally ended with 16.48 times subscription.

The initial share sale received bids for 8,53,20,334 shares against 51,78,227 shares on offer, translating into 16.48 times subscription, as per NSE data.

The quota for Retail Individual Investors (RIIs) fetched 23.84 times subscription. The portion for non-institutional investors received 18.87 times subscription and the category for Qualified Institutional Buyers (QIBs) got subscribed 1.51 times.

The Rs 179-crore IPO is open for public subscription from December 19-23 in the price range of Rs 230-243 per share."
Reliance resume oil swap with Venezuela's PDVSA under US licence: Report,"Venezuela's state oil company PDVSA and India's Reliance Industries have resumed an oil swap that had been paused due to U.S. sanctions on the South American country, an internal PDVSA document seen on Thursday showed.

The exchange follows a US licence in July authorizing the trade. A supertanker carrying about 1.9 million barrels of Venezuelan Merey heavy crude departed earlier this month for India's Sikka port, while a unit of Reliance delivered a 500,000-barrel cargo of heavy naphtha to PDVSA this month in exchange, according to the document."
GST Council may provide exporter status to intermediaries for tax relief,"The 55th Goods and Services Tax (GST) Council meeting on Saturday may provide relief to intermediaries such as brokers, agents, and online bidding portals that offer their services to entities abroad.
 
This will be done by classifying them as exporters, making them zero-rated.
 
At present intermediary services are charged at 18 per cent under the Central GST Act. According to sources, the fitment committee of the GST Council has proposed an amendment to the Integrated GST Act by deleting Section 13(8)(b).
 
“This amendment would alleviate the financial burden of the 18 per cent GST currently imposed on these services, thereby creating a more level playing field for Indian intermediaries in comparison to their foreign counterparts,” a source said. "
